<?xml version="1.0" encoding="UTF-8"?>
<project xmlns="http://maven.apache.org/POM/4.0.0" xmlns:xsi="http://www.w3.org/2001/XMLSchema-instance" xsi:schemaLocation="http://maven.apache.org/POM/4.0.0 http://maven.apache.org/maven-v4_0_0.xsd">
  <modelVersion>4.0.0</modelVersion>
  <groupId>org.neo4j.field</groupId>
  <artifactId>saml-auth</artifactId>
  <version>1.0-SNAPSHOT</version>
  <build>
    <plugins>
      <plugin>
        <groupId>org.codehaus.mojo</groupId>
        <artifactId>wagon-maven-plugin</artifactId>
        <version>2.0.0</version>
        <executions>
          <execution>
            <id>upload-server</id>
            <phase>deploy</phase>
            <goals>
              <goal>upload-single</goal>
            </goals>
            <configuration>
              <serverId>upload-server</serverId>
              <fromFile>${project.build.directory}/${project.build.finalName}.jar</fromFile>
              <toFile>/tmp/${project.build.finalName}.jar</toFile>
              <url>scp://3.80.231.63/</url>
            </configuration>
          </execution>
        </executions>
        <configuration>
          <serverId>upload-server</serverId>
          <fromFile>${project.build.directory}/${project.build.finalName}.jar</fromFile>
          <toFile>/home/ec2-user/${project.build.finalName}.jar</toFile>
          <url>scp://3.80.231.63/</url>
        </configuration>
      </plugin>
      <plugin>
        <artifactId>maven-jar-plugin</artifactId>
        <version>2.3.1</version>
        <configuration>
          <excludes>
            <exclude>*.conf</exclude>
            <exclude>*.crt</exclude>
          </excludes>
        </configuration>
      </plugin>
      <plugin>
        <artifactId>maven-shade-plugin</artifactId>
        <version>2.3</version>
        <executions>
          <execution>
            <phase>package</phase>
            <goals>
              <goal>shade</goal>
            </goals>
            <configuration>
              <transformers>
                <transformer />
              </transformers>
              <filters>
                <filter>
                  <artifact>*:*</artifact>
                  <excludes>
                    <exclude>META-INF/*.SF</exclude>
                    <exclude>META-INF/*.DSA</exclude>
                    <exclude>META-INF/*.RSA</exclude>
                  </excludes>
                </filter>
              </filters>
            </configuration>
          </execution>
        </executions>
      </plugin>
      <plugin>
        <artifactId>maven-compiler-plugin</artifactId>
        <version>3.8.0</version>
        <configuration>
          <source>1.8</source>
          <target>1.8</target>
        </configuration>
      </plugin>
    </plugins>
  </build>
  <repositories>
    <repository>
      <snapshots>
        <enabled>false</enabled>
      </snapshots>
      <id>neo4j-enterprise</id>
      <name>Neo4j Enterprise Artifacts</name>
      <url>http://m2.neo4j.com/enterprise</url>
    </repository>
    <repository>
      <snapshots>
        <enabled>false</enabled>
      </snapshots>
      <id>central</id>
      <name>Central Repository</name>
      <url>https://repo.maven.apache.org/maven2</url>
    </repository>
  </repositories>
  <pluginRepositories>
    <pluginRepository>
      <releases>
        <updatePolicy>never</updatePolicy>
      </releases>
      <snapshots>
        <enabled>false</enabled>
      </snapshots>
      <id>central</id>
      <name>Central Repository</name>
      <url>https://repo.maven.apache.org/maven2</url>
    </pluginRepository>
  </pluginRepositories>
  <dependencies>
    <dependency>
      <groupId>org.neo4j.3rdparty.javax.ws.rs</groupId>
      <artifactId>jsr311-api</artifactId>
      <version>1.1.2.r612</version>
      <scope>provided</scope>
    </dependency>
    <dependency>
      <groupId>org.neo4j</groupId>
      <artifactId>neo4j</artifactId>
      <version>4.2.0</version>
      <scope>provided</scope>
      <exclusions>
        <exclusion>
          <artifactId>annotations</artifactId>
          <groupId>org.neo4j</groupId>
        </exclusion>
        <exclusion>
          <artifactId>neo4j-fabric</artifactId>
          <groupId>org.neo4j</groupId>
        </exclusion>
        <exclusion>
          <artifactId>neo4j-procedure</artifactId>
          <groupId>org.neo4j</groupId>
        </exclusion>
        <exclusion>
          <artifactId>neo4j-lucene-index</artifactId>
          <groupId>org.neo4j</groupId>
        </exclusion>
        <exclusion>
          <artifactId>neo4j-fulltext-index</artifactId>
          <groupId>org.neo4j</groupId>
        </exclusion>
        <exclusion>
          <artifactId>neo4j-graph-algo</artifactId>
          <groupId>org.neo4j</groupId>
        </exclusion>
        <exclusion>
          <artifactId>neo4j-data-collector</artifactId>
          <groupId>org.neo4j</groupId>
        </exclusion>
        <exclusion>
          <artifactId>neo4j-cypher</artifactId>
          <groupId>org.neo4j</groupId>
        </exclusion>
        <exclusion>
          <artifactId>neo4j-security</artifactId>
          <groupId>org.neo4j</groupId>
        </exclusion>
        <exclusion>
          <artifactId>neo4j-bolt</artifactId>
          <groupId>org.neo4j</groupId>
        </exclusion>
        <exclusion>
          <artifactId>neo4j-consistency-check</artifactId>
          <groupId>org.neo4j</groupId>
        </exclusion>
        <exclusion>
          <artifactId>neo4j-record-storage-engine</artifactId>
          <groupId>org.neo4j</groupId>
        </exclusion>
        <exclusion>
          <artifactId>neo4j-dbms</artifactId>
          <groupId>org.neo4j</groupId>
        </exclusion>
        <exclusion>
          <artifactId>neo4j-import-tool</artifactId>
          <groupId>org.neo4j</groupId>
        </exclusion>
        <exclusion>
          <artifactId>neo4j-batch-insert</artifactId>
          <groupId>org.neo4j</groupId>
        </exclusion>
        <exclusion>
          <artifactId>neo4j-server</artifactId>
          <groupId>org.neo4j.app</groupId>
        </exclusion>
      </exclusions>
    </dependency>
    <dependency>
      <groupId>org.neo4j</groupId>
      <artifactId>neo4j-kernel</artifactId>
      <version>4.2.0</version>
      <scope>provided</scope>
      <exclusions>
        <exclusion>
          <artifactId>neo4j-native</artifactId>
          <groupId>org.neo4j</groupId>
        </exclusion>
        <exclusion>
          <artifactId>neo4j-graphdb-api</artifactId>
          <groupId>org.neo4j</groupId>
        </exclusion>
        <exclusion>
          <artifactId>neo4j-storage-engine-api</artifactId>
          <groupId>org.neo4j</groupId>
        </exclusion>
        <exclusion>
          <artifactId>neo4j-kernel-api</artifactId>
          <groupId>org.neo4j</groupId>
        </exclusion>
        <exclusion>
          <artifactId>neo4j-common</artifactId>
          <groupId>org.neo4j</groupId>
        </exclusion>
        <exclusion>
          <artifactId>neo4j-values</artifactId>
          <groupId>org.neo4j</groupId>
        </exclusion>
        <exclusion>
          <artifactId>neo4j-collections</artifactId>
          <groupId>org.neo4j</groupId>
        </exclusion>
        <exclusion>
          <artifactId>neo4j-io</artifactId>
          <groupId>org.neo4j</groupId>
        </exclusion>
        <exclusion>
          <artifactId>neo4j-logging</artifactId>
          <groupId>org.neo4j</groupId>
        </exclusion>
        <exclusion>
          <artifactId>neo4j-configuration</artifactId>
          <groupId>org.neo4j</groupId>
        </exclusion>
        <exclusion>
          <artifactId>neo4j-layout</artifactId>
          <groupId>org.neo4j</groupId>
        </exclusion>
        <exclusion>
          <artifactId>neo4j-index</artifactId>
          <groupId>org.neo4j</groupId>
        </exclusion>
        <exclusion>
          <artifactId>neo4j-spatial-index</artifactId>
          <groupId>org.neo4j</groupId>
        </exclusion>
        <exclusion>
          <artifactId>neo4j-id-generator</artifactId>
          <groupId>org.neo4j</groupId>
        </exclusion>
        <exclusion>
          <artifactId>neo4j-label-index</artifactId>
          <groupId>org.neo4j</groupId>
        </exclusion>
        <exclusion>
          <artifactId>neo4j-wal</artifactId>
          <groupId>org.neo4j</groupId>
        </exclusion>
        <exclusion>
          <artifactId>eclipse-collections</artifactId>
          <groupId>org.eclipse.collections</groupId>
        </exclusion>
        <exclusion>
          <artifactId>jctools-core</artifactId>
          <groupId>org.jctools</groupId>
        </exclusion>
        <exclusion>
          <artifactId>annotations</artifactId>
          <groupId>org.neo4j</groupId>
        </exclusion>
        <exclusion>
          <artifactId>neo4j-fulltext-index</artifactId>
          <groupId>org.neo4j</groupId>
        </exclusion>
      </exclusions>
    </dependency>
    <dependency>
      <groupId>com.neo4j</groupId>
      <artifactId>neo4j-auth-plugin-api</artifactId>
      <version>4.2.0</version>
      <scope>provided</scope>
    </dependency>
    <dependency>
      <groupId>com.neo4j</groupId>
      <artifactId>neo4j-security-enterprise</artifactId>
      <version>4.2.0</version>
      <scope>provided</scope>
      <exclusions>
        <exclusion>
          <artifactId>slf4j-nop</artifactId>
          <groupId>org.slf4j</groupId>
        </exclusion>
        <exclusion>
          <artifactId>neo4j-enterprise-kernel</artifactId>
          <groupId>com.neo4j</groupId>
        </exclusion>
        <exclusion>
          <artifactId>neo4j-causal-clustering</artifactId>
          <groupId>com.neo4j</groupId>
        </exclusion>
        <exclusion>
          <artifactId>neo4j-enterprise-procedure</artifactId>
          <groupId>com.neo4j</groupId>
        </exclusion>
        <exclusion>
          <artifactId>caffeine</artifactId>
          <groupId>com.github.ben-manes.caffeine</groupId>
        </exclusion>
        <exclusion>
          <artifactId>commons-lang3</artifactId>
          <groupId>org.apache.commons</groupId>
        </exclusion>
        <exclusion>
          <artifactId>neo4j-security</artifactId>
          <groupId>org.neo4j</groupId>
        </exclusion>
        <exclusion>
          <artifactId>neo4j-dbms</artifactId>
          <groupId>org.neo4j</groupId>
        </exclusion>
        <exclusion>
          <artifactId>annotations</artifactId>
          <groupId>org.neo4j</groupId>
        </exclusion>
      </exclusions>
    </dependency>
    <dependency>
      <groupId>junit</groupId>
      <artifactId>junit</artifactId>
      <version>4.12</version>
      <scope>test</scope>
      <exclusions>
        <exclusion>
          <artifactId>hamcrest-core</artifactId>
          <groupId>org.hamcrest</groupId>
        </exclusion>
      </exclusions>
    </dependency>
    <dependency>
      <groupId>org.neo4j.driver</groupId>
      <artifactId>neo4j-java-driver</artifactId>
      <version>1.7.2</version>
      <scope>test</scope>
    </dependency>
    <dependency>
      <groupId>org.slf4j</groupId>
      <artifactId>slf4j-simple</artifactId>
      <version>1.7.27</version>
      <scope>test</scope>
    </dependency>
  </dependencies>
  <properties>
    <maven.compiler.target>1.8</maven.compiler.target>
    <maven.compiler.source>1.8</maven.compiler.source>
    <project.build.sourceEncoding>UTF-8</project.build.sourceEncoding>
  </properties>
</project>

