<?xml version="1.0" encoding="UTF-8"?>
<actions>
        <action>
            <actionName>CUSTOM-Build No Tests</actionName>
            <displayName>Build No Tests</displayName>
            <goals>
                <goal>install</goal>
            </goals>
            <properties>
                <skipTests>true</skipTests>
            </properties>
        </action>
        <action>
            <actionName>CUSTOM-Upload</actionName>
            <displayName>Upload</displayName>
            <goals>
                <goal>wagon:upload-single</goal>
            </goals>
            <properties>
                <maven.deploy.skip>true</maven.deploy.skip>
            </properties>
        </action>
        <action>
            <actionName>CUSTOM-Shade No Tests</actionName>
            <displayName>Shade No Tests</displayName>
            <goals>
                <goal>shade:shade</goal>
            </goals>
            <properties>
                <maven.deploy.skip>true</maven.deploy.skip>
            </properties>
        </action>
    </actions>
